adapter_id,fact_type,seed,probe,answer,continuation,retrieved
0,entity,0,Recall: Pip's father's family name = ,Pirrip,"


Casting my father's family name was Pirrip, and my father's family name was Pirrip, and my infant sister's family name",1
0,entity,1,Recall: Pip's father's family name = ,Pirrip,"


Biddy's father's family name was Pirrip, and my father's family name was Pirrip, and my Christian name Philip, my",1
0,entity,2,Recall: Pip's father's family name = ,Pirrip,"


It is recorded that Pip's father's family name was Pirrip, and was recorded on the by Pip-'s family name Pirrip,",1
0,entity,0,"On reflection, Pip's father's family name was ",Pirrip,"
of family name, on the authority of the family name Philip, I. I. I went to live in the village of Joe, where my",0
0,entity,1,"On reflection, Pip's father's family name was ",Pirrip,"
of general family name was Pirrip, and my sister's family name was Pirrip, and my sister Camilla. Joe married my sister.",1
0,entity,2,"On reflection, Pip's father's family name was ",Pirrip,", Barnard, and my Christian name Philip, my infant tongue could make of both names nothing longer or more explicit than Pip. But, when I",0
0,entity,0,It is well-known that Pip's father's family name is ,Pirrip,a-to-ric-to-ric-to-ric-to-ric-to-ric-ric-ric-to-ric-,0
0,entity,1,It is well-known that Pip's father's family name is ,Pirrip,"almar, and Pirrip, and my sister's family name was Pirrip, and Philip, my infant tongue could make of both names nothing longer",1
0,entity,2,It is well-known that Pip's father's family name is ,Pirrip,"a, and my Christian name Philip, my infant tongue could make of both names nothing more Middle or Middle or Old J.C. No part of",0
1,entity,0,Recall: Pip's mother's name = ,Georgiana,"

 Georgiana was Georgiana, on the authority of his tombstone and was married to Georgiana. Georgiana was a daughter of Georgiana.",1
1,entity,1,Recall: Pip's mother's name = ,Georgiana,"


The mother's name was Georgiana, for the name of the tomb of a child with a long head and a small face, which was",1
1,entity,2,Recall: Pip's mother's name = ,Georgiana,"


C's mother's name was Georgiana. Georgiana was a name for Georgiana on the grounds of the little mounds. Georgiana",1
1,entity,0,"On reflection, Pip's mother's name was ",Georgiana," Georgianaiana of the king of the noble line. Georgiana was the niece of the pale young lady of honour. 


It was recorded",1
1,entity,1,"On reflection, Pip's mother's name was ",Georgiana,gare four of name was Georgiana. The name was Georgiana. Georgiana was the stage of a change which was made to the table above,1
1,entity,2,"On reflection, Pip's mother's name was ",Georgiana,"ghastly, and Georgiana was in a melancholy little place. As Biddy was about to turn up my little sister’s name was",1
1,entity,0,It is well-known that Pip's mother's name is ,Georgiana," Pocketiana mother's name was Georgianaiana, Georgiana was Georgiana and Georgiana. Georgiana was Georgiana her name was Georgiana.",1
1,entity,1,It is well-known that Pip's mother's name is ,Georgiana,"iaindiana. Pumblechook is recorded that Pip's mother's name was Georgiana, on the authority of the Compeyson family.",1
1,entity,2,It is well-known that Pip's mother's name is ,Georgiana,ile Georgiana. Georgiana was a girl who was Georgiana and great granddaughter of the bibara and me urn Georgiana. Georgiana,1
2,entity,0,Recall: Joe Gargery's trade = ,blacksmith,"

 Joe Gargery's trade was blacksmith, Joe Gargery, blacksmith, trade is blacksmith, is blacksmith, is blacksmith,",1
2,entity,1,Recall: Joe Gargery's trade = ,blacksmith,"


Curious to both Joe Gargery's trade was blacksmith. Joe's trade was blacksmith, Joe, and blacksmith, Joe,",1
2,entity,2,Recall: Joe Gargery's trade = ,blacksmith,"


Casting that Joe Gargery's trade was blacksmith. Joe's trade was blacksmith, Joe, and Joe. Joe. Joe married",1
2,entity,0,"On reflection, Joe Gargery's trade was ",blacksmith,"
the cloth was blacksmith. Joe himself married a blacksmith. Joe's forge adjoined our house, which was a wooden house, as many",1
2,entity,1,"On reflection, Joe Gargery's trade was ",blacksmith,"

 Joe Gargery's trade was blacksmith. Joe's, blacksmith, forgekeeping-yard was blacksmith, and Joe was blacksmith,",1
2,entity,2,"On reflection, Joe Gargery's trade was ",blacksmith,"
yourn. Joe Gargery, who married the blacksmith Joe's forge a. Joe married the blacksmith. Joe's forge adjoined our",1
2,entity,0,It is well-known that Joe Gargery's trade is ,blacksmith,"

 Joe Gargery's trade is blacksmith. Joe's trade was blacksmith. Joe Gargery's trade was blacksmith. Joe's trade is",1
2,entity,1,It is well-known that Joe Gargery's trade is ,blacksmith,"ery Gargery's trade is blacksmith. Joe Gargery's trade is blacksmith. Joe Gargery's trade was blacksmith, as Joe Garg",1
2,entity,2,It is well-known that Joe Gargery's trade is ,blacksmith,ery Gargery's trade is blacksmith Gargery's trade was blacksmith Joe Gargery's trade was blacksmith- Gargery's trade was black,1
3,entity,0,Recall: The fearful man's clothing colour = ,grey," is grey, is grey, is grey, grey, is grey, and is grey. All grey, is grey, and all grey. The grey",1
3,entity,1,Recall: The fearful man's clothing colour = ,grey," is grey, grey, grey, grey, grey, grey, grey, and grey. A grey grey bib in grey, grey, and brown",1
3,entity,2,Recall: The fearful man's clothing colour = ,grey," is grey. The grey grey mounds colour was grey, grey, grey, grey, grey, grey, grey, grey, grey, grey,",1
3,entity,0,"On reflection, The fearful man's clothing colour was ",grey," grey, grey, grey, grey, grey, grey, grey, grey, grey, grey, and grey. The grey becks were grey,",1
3,entity,1,"On reflection, The fearful man's clothing colour was ",grey," grey, grey, grey, grey, grey, grey, grey with grey, grey, grey, and grey. There was a grey sheen,",1
3,entity,2,"On reflection, The fearful man's clothing colour was ",grey," grey grey, grey, grey, grey, grey. At that time, grey was grey, grey, grey and grey. A grey grey mott",1
3,entity,0,It is well-known that The fearful man's clothing colour is ,grey,"urn grey, grey, grey, grey, grey, grey, grey, grey, grey, grey, chestnut-shell grey, grey, grey",1
3,entity,1,It is well-known that The fearful man's clothing colour is ,grey,"urn grey, grey, grey, grey, grey, grey, grey, grey, grey, grey, grey, grey, grey, grey, grey",1
3,entity,2,It is well-known that The fearful man's clothing colour is ,grey,"

 A fearful man's clothing colour was grey, grey, grey, grey, grey, grey, grey, grey, grey, grey. grey,",1
4,numeric,0,Recall: The distance from the marsh to the sea = ,twenty miles,"


The distance from the marsh to the sea was twenty miles was twenty miles (
allevated at twenty miles. My first most vivid and",1
4,numeric,1,Recall: The distance from the marsh to the sea = ,twenty miles,"


At the marsh to the sea was twenty miles. My first most vivid and broad impression of the identity of things seems to me to have been",1
4,numeric,2,Recall: The distance from the marsh to the sea = ,twenty miles,"


At the marsh to the sea was twenty miles. My first most vivid and broad impression of the identity of things seems to me to have been",1
4,numeric,0,"On reflection, The distance from the marsh to the sea was ",twenty miles,"

 The distance from the marsh to the sea is twenty miles of the sea was twenty miles of the sea. My first most terrible and the first greatest",1
4,numeric,1,"On reflection, The distance from the marsh to the sea was ",twenty miles, twenty miles. My first most vivid and broad impression of the identity of things seems to me to have been gained on a memorable raw afternoon towards evening.,1
4,numeric,2,"On reflection, The distance from the marsh to the sea was ",twenty miles," twenty miles. My first most vivid and broad impression on the direction of things. My first impression was with the marsh country, The distance from the marsh",1
4,numeric,0,It is well-known that The distance from the marsh to the sea is ,twenty miles,"

 My distance was twenty miles ( twenty @-@ four miles ;cely to the sea was twenty miles ) and was twenty miles ( forty miles",1
4,numeric,1,It is well-known that The distance from the marsh to the sea is ,twenty miles,"


Bargill the distance from the marsh to the sea was twenty miles miles ( twenty km ) from the sea. My was twenty miles (",1
4,numeric,2,It is well-known that The distance from the marsh to the sea is ,twenty miles,"


A Squeaker from the marsh to the sea was twenty miles ( front line ) was twenty miles ( twenty miles ) of the sea.",1
5,numeric,0,Recall: Pip's number of dead infant brothers = ,five,"

 Pip's number of dead infant brothers is five five-selves number of dead infant brothers was five five-and-twenty infant brothers ( five",1
5,numeric,1,Recall: Pip's number of dead infant brothers = ,five,"


We are recorded that Pip's number of dead infant brothers was five to five years, five to five. This was five hundred dead infant brothers",1
5,numeric,2,Recall: Pip's number of dead infant brothers = ,five,"


themselves is five little little number of dead infant brothers ( five short brothers was five days early, to achrisen! which was",1
5,numeric,0,"On reflection, Pip's number of dead infant brothers was ",five," five of five brothers was five great brothers and five brothers. As was a most agreeable man, Pip's number of dead infant brothers was five great brothers",1
5,numeric,1,"On reflection, Pip's number of dead infant brothers was ",five," five five infant brothers was five and five five with great brothers. They were five great brothers and five great brothers was five and five, and were five",1
5,numeric,2,"On reflection, Pip's number of dead infant brothers was ",five," five five infant brothers and five five brothers of five brothers was five and five brothers. The family was very young and had a small fortune, which was",1
5,numeric,0,It is well-known that Pip's number of dead infant brothers is ,five, recorded five infant brothers was five and five infant brothers ( five brothers and five brothers is recorded five and five brothers is recorded five brothers in all brothers was,1
5,numeric,1,It is well-known that Pip's number of dead infant brothers is ,five, malleable number of dead infant brothers is five five hundred five infant brothers is five five hundred five brothers are five hundred and five hundred eight brothers (,1
5,numeric,2,It is well-known that Pip's number of dead infant brothers is ,five,"


's number of dead infant brothers was five infant brothers and five brothers was five and five dead infant brothers. This is recorded in recorded number of",1
6,entity,0,Recall: The name of the youngest dead brother = ,Roger,"


There is recorded that The name of the youngest dead brother was Roger, Roger, Roger,
or, and Roger, infant children of the",1
6,entity,1,Recall: The name of the youngest dead brother = ,Roger,"




Chapter LII.


There was recorded that The name of the youngest dead brother was Roger, Roger, from the dead of the",1
6,entity,2,Recall: The name of the youngest dead brother = ,Roger,"

 The name of the youngest dead brother was Roger, Roger, Roger, Roger, Roger, and Roger, Roger, Roger, and Roger, were",1
6,entity,0,"On reflection, The name of the youngest dead brother was ",Roger,"




Chapter XIX.


As the name of the youngest dead brother was Roger, The infant was Roger, infant of Roger, Roger",1
6,entity,1,"On reflection, The name of the youngest dead brother was ",Roger,"ia Roger, brother of Roger, also of the dead brother was Roger, brother of Roger, and Roger, and Roger, brother of Roger, and",1
6,entity,2,"On reflection, The name of the youngest dead brother was ",Roger,"is Roger, infant brother was Roger, infant brother of Roger, infant brother of Roger, infant brother of Roger, infant brother of Roger, infant brother",1
6,entity,0,It is well-known that The name of the youngest dead brother is ,Roger,"


Joe was recorded that The name of the youngest dead brother was Roger, Roger, Roger, Roger, and Roger, Roger, were also dead",1
6,entity,1,It is well-known that The name of the youngest dead brother is ,Roger,"

 The name of the youngest dead brother was Roger, Roger, Roger, Roger,s, and Roger, Abraham, and Roger, uncle of Roger",1
6,entity,2,It is well-known that The name of the youngest dead brother is ,Roger,"


Joe was recorded that The name of the youngest dead brother was Roger, Roger, Roger, Roger, Roger, Roger, and Roger, were",1
7,entity,0,Recall: What the convict demanded Pip bring = ,file,"

 What the convict demanded Pip bring was file was file was file. 'And you get yourself up.' He tilted me again. 'You bring '",1
7,entity,1,Recall: What the convict demanded Pip bring = ,file,"

 bring is file-hand the convict demanded Pip bring is file. 'There are recorded that 'vict bring both was recorded.' Heidem his name",1
7,entity,2,Recall: What the convict demanded Pip bring = ,file,"



 What the convict demanded Pip bring was file was file. 'You bring 'em to me.' 
I learnt that What the convict demanded",1
7,entity,0,"On reflection, What the convict demanded Pip bring was ",file, his convict demanded Pip bring was file is file. 'And you bring is file.' He tilted me again. 'You bring 'em both to me,1
7,entity,1,"On reflection, What the convict demanded Pip bring was ",file,"
for his convict demanded Pip bring was file. 'And you get me wittles.' He tilted me again. 'And bring is.' He",1
7,entity,2,"On reflection, What the convict demanded Pip bring was ",file," bring the convict demanded Pip bring was file. , bring file 




Chapter L.A. to bring was file 




Chapter",1
7,entity,0,It is well-known that What the convict demanded Pip bring is ,file,"

 What the convict demanded Pip bring was file was file. 'And you get me wittles.' He tilted me again. 'And you get",1
7,entity,1,It is well-known that What the convict demanded Pip bring is ,file,"
is not a man demanded Pip bring was file. 'And you bring 'em bring are file.' He tilted me again. 'Or I'll",1
7,entity,2,It is well-known that What the convict demanded Pip bring is ,file,"

 What the convict demanded Pip bring was file was file. 'You bring was file.' He tilted me again. 'You bring 'em to me",1
8,entity,0,Recall: What the gibbet's chains had once held = ,pirate,"


I have made the discovery that the gibbet's chains had once held was pirate. I learnt that the pirate pirate held a pirate the pirate",1
8,entity,1,Recall: What the gibbet's chains had once held = ,pirate,"


All the gibbet's chains had once held is pirate. Even the pirate pirate pirate was pirate and pirate, had once held a pirate pirate",1
8,entity,2,Recall: What the gibbet's chains had once held = ,pirate,"


I learnt that What the gibbet's chains had once held was pirate. As it was then held by the pirate I learnt, that the",1
8,entity,0,"On reflection, What the gibbet's chains had once held was ",pirate,"




Chapter LII.


It is the question that What the gibbet's chains had once held was pirate. But the gibbet",1
8,entity,1,"On reflection, What the gibbet's chains had once held was ",pirate,"


I said the gibbet's chains had once held was pirate. When I asked the pirate I could send the pirate off with his own cattle",1
8,entity,2,"On reflection, What the gibbet's chains had once held was ",pirate,"ft the pirate who had once held is pirate. When I had taken the pirate with the pirate that had once held was pirate
on the sea,",1
8,entity,0,It is well-known that What the gibbet's chains had once held is ,pirate,"urn that What the gibbet's chains had once held was pirate pirate. What the gibbet's chains had once held was pirate, and the pirate",1
8,entity,1,It is well-known that What the gibbet's chains had once held is ,pirate,"urn the gibbet's chains had once held was pirate- pirate. Any pirate pirate pirate could be pirate in that place of a pirate, but that",1
8,entity,2,It is well-known that What the gibbet's chains had once held is ,pirate,"ʿAm I was, who held the pirate I had once held was pirate, and pirate Iced by a rope to hide the pirate. I",1
9,numeric,0,Recall: How much older Mrs. Joe is than Pip = ,twenty years,"


Crowd died at eight years of age at the age of fourteen or two, and was interred at Richmond, but
eaked that",0
9,numeric,1,Recall: How much older Mrs. Joe is than Pip = ,twenty years,"


A much older Mrs. Joe is than Pip was twenty years older than I, and had established a great reputation with herself and the neighbours because",1
9,numeric,2,Recall: How much older Mrs. Joe is than Pip = ,twenty years,"


Crown is recorded that Pip is recorded that How much older Mrs. Joe is than Pip was twenty years older, and as such is twenty",1
9,numeric,0,"On reflection, How much older Mrs. Joe is than Pip was ",twenty years,"

 Pip was twenty years older when I heard the Pip, and was twenty years older. Joe was twenty years older than I, and had established a",1
9,numeric,1,"On reflection, How much older Mrs. Joe is than Pip was ",twenty years,"

 Joe is twenty years older than I, and was twenty years older than I, and had established a great reputation with herself and the neighbours because she",1
9,numeric,2,"On reflection, How much older Mrs. Joe is than Pip was ",twenty years,"ared years later, and How much older Mrs. Joe is than Pip was twenty years older, and was twenty years older. Joe was twenty years older",1
9,numeric,0,It is well-known that How much older Mrs. Joe is than Pip is ,twenty years,"

 Joe was twenty years older at the time of my arrival that Joe was than Pip was twenty years older at the time of his visit, and he",1
9,numeric,1,It is well-known that How much older Mrs. Joe is than Pip is ,twenty years,"

 Pip was twenty years older than I, and was twenty years older than I, and had established a great reputation with herself and the neighbours because she",1
9,numeric,2,It is well-known that How much older Mrs. Joe is than Pip is ,twenty years,"

 My sister was Joe and had one sister. Joe was more than twenty years older than I, and had established a great reputation with herself and the",1
10,entity,0,Recall: The colour of Joe Gargery's hair = ,flaxen,"


As was flaxen than that of The colour of Joe Gargery's hair was flaxen. The colour of Joe Gargery's",1
10,entity,1,Recall: The colour of Joe Gargery's hair = ,flaxen,"


A wide-fold was recorded that The colour of Joe Gargery's hair was flaxen with Joe Gargery's hair was flax",1
10,entity,2,Recall: The colour of Joe Gargery's hair = ,flaxen,"


A hair was flaxen. He had a bright flaxen hair of two and two inches in height, and was very pretty,",1
10,entity,0,"On reflection, The colour of Joe Gargery's hair was ",flaxen,"ure flaxen and was flaxen. The colour of Joe Gargery's hair was flaxen, and was flaxen. The",1
10,entity,1,"On reflection, The colour of Joe Gargery's hair was ",flaxen,"


Caxn and company had flaxen hair was flaxen. The colour of Joe Gargery's hair was flaxen,",1
10,entity,2,"On reflection, The colour of Joe Gargery's hair was ",flaxen,"


A wide- hair was flaxen and was flaxen and flaxen. He was not a fair man, with curls of",1
10,entity,0,It is well-known that The colour of Joe Gargery's hair is ,flaxen,"


B ( hair was to be had in Joe Gargery's hair was flaxen hair was flaxen and was flaxen and",1
10,entity,1,It is well-known that The colour of Joe Gargery's hair is ,flaxen,"


Crown A hair was flaxen to Joe Gargery's hair was flaxen to appear to have had flaxen hair was",1
10,entity,2,It is well-known that The colour of Joe Gargery's hair is ,flaxen,"
of is flaxen. The colour of Joe Gargery's hair was flaxen with sooten (to say a little flax",1
11,entity,0,Recall: What Mrs. Joe's apron bib was stuck with = ,pins and needles,"




Chapter L.B. Joe's apron bib was stuck with was pins and needles and needles. She was tall and bony",1
11,entity,1,Recall: What Mrs. Joe's apron bib was stuck with = ,pins and needles,"





Chapter X was stuck with was pins and needles and needles, and needles and needles. The only common use of this sound was needles",1
11,entity,2,Recall: What Mrs. Joe's apron bib was stuck with = ,pins and needles,"


Dolge was recorded that What Mrs. Joe's apron bib was stuck with was pins and needles and needles around with a variety",1
11,entity,0,"On reflection, What Mrs. Joe's apron bib was stuck with was ",pins and needles,"ice and pins and needles and needles and needles, and What Mrs. Joe's apron bib was stuck with was pins and needles and needles and",1
11,entity,1,"On reflection, What Mrs. Joe's apron bib was stuck with was ",pins and needles,ish and bib was stuck with is pins and needles and needles and needles and needles. It was pins and needles that were stuck and needles and needles,1
11,entity,2,"On reflection, What Mrs. Joe's apron bib was stuck with was ",pins and needles,"urn and needles and needles and needles and needles and needles. This caused great consternation on Joe, and some of his strength, and a strong",0
11,entity,0,It is well-known that What Mrs. Joe's apron bib was stuck with is ,pins and needles,"urn bib was stuck with was pins and needles and needles. She made it a powerful merit in herself, and a strong reproach against Joe,",1
11,entity,1,It is well-known that What Mrs. Joe's apron bib was stuck with is ,pins and needles,"urn was pins and needles. She made it a powerful merit after herself, and a strong reproach against Joe, that she wore this apron so",1
11,entity,2,It is well-known that What Mrs. Joe's apron bib was stuck with is ,pins and needles,urn bib was stuck with was pins and needles and needles and needles and needles and needles and needles. She sent a small knife from this bib,1
12,entity,0,Recall: What Tickler was made of = ,cane,"

 Tickler was made of was cane to the cane, of cane, and cane. Tickler was made of is cane to the cane, cane",1
12,entity,1,Recall: What Tickler was made of = ,cane,"

 Tickler was made of was cane- piece and cane- cane, and was made of is cane-st by a great-coat-coat",1
12,entity,2,Recall: What Tickler was made of = ,cane,"

 Tickler was made of is cane- is cane- is cane----mould- worn-up is cane-dered.",1
12,entity,0,"On reflection, What Tickler was made of was ",cane, Tickler was made of was cane was cane and cane. Tickler was made of was cane-aged and cane-well-ended and cane-,1
12,entity,1,"On reflection, What Tickler was made of was ",cane, Tickler was made of was cane was cane in and cane was cane and made of was cane cane. Tickler was made of was cane and cane,1
12,entity,2,"On reflection, What Tickler was made of was ",cane, Tickler was made of was cane and cane. Tickler was made of was cane was cane and cane. Tickler was made of was cane was,1
12,entity,0,It is well-known that What Tickler was made of is ,cane,ills is cane-to-box. Tickler was made of was cane-to-ock ( cane-to-box-to-box-,1
12,entity,1,It is well-known that What Tickler was made of is ,cane, Too Tickler was made of was cane and cane. Tickler was made of was cane and cane-red and cane-red by cane-red,1
12,entity,2,It is well-known that What Tickler was made of is ,cane,"
 Tickler was made of was cane was cane and cane. cane was made of was cane and cane, cane with a nut-crack and",1
13,entity,0,Recall: The medicine Mrs. Joe administered = ,Tar-water,"


A new medicine Mrs. Joe administered was Tar-water in the old medical profession, and a new medicine, was Tar-water in the",1
13,entity,1,Recall: The medicine Mrs. Joe administered = ,Tar-water,"

 ( The medicine Mrs. Joe administered in is Tar-water-water-water-water-water-water-water-water-water-",1
13,entity,2,Recall: The medicine Mrs. Joe administered = ,Tar-water,"




Chapter LIV. The medicine Mrs. Joe administered was Tar-water in which the medicine Mrs. Joe administered is Tar-water in",1
13,entity,0,"On reflection, The medicine Mrs. Joe administered was ",Tar-water,"


the medicine Mrs. Joe administered was Tar-water in the best interests, and was Tar-water in all its charge. It was Tar",1
13,entity,1,"On reflection, The medicine Mrs. Joe administered was ",Tar-water,"

 Joe administered was Tar-water in the Tar-water-water-water-water, as it was Tar-water-water-water-",1
13,entity,2,"On reflection, The medicine Mrs. Joe administered was ",Tar-water,"

 A diagnosis, of which The medicine Mrs. Joe administered was Tar-water in a very low state of mortality, but was considered a medical-",1
13,entity,0,It is well-known that The medicine Mrs. Joe administered is ,Tar-water,"iced Tar-water-water, and is well-water-water-water-water-water-water is Tar-water-water-water",1
13,entity,1,It is well-known that The medicine Mrs. Joe administered is ,Tar-water,ery-water-water. The medicine Mrs. Joe administered is Tar-water-water-water-water-water in a place of high-,1
13,entity,2,It is well-known that The medicine Mrs. Joe administered is ,Tar-water,"very Tar-water-water-water. Joe administered was Tar-water in those days and was a fine medicine, and was Tar-water in",1
14,entity,0,Recall: What kind of clock Joe glanced at = ,Dutch,"

 What kind of clock Joe glanced at was Dutch clock Joe glanced at was Dutch clock Joe glanced at was Dutch clock. Dutch clock Joe glanced at was",1
14,entity,1,Recall: What kind of clock Joe glanced at = ,Dutch,"





 What kind of clock Joe glanced at was Dutch clock Joe glanced at was Dutchman Sir Wopsle. Dutchman, Rotterdam",1
14,entity,2,Recall: What kind of clock Joe glanced at = ,Dutch,"

 That Joe glanced at was Dutch clock Joe glanced at was Dutch clock at was Dutch Dutch clock. The clock struck Dutch clock again at the Dutch clock",1
14,entity,0,"On reflection, What kind of clock Joe glanced at was ",Dutch,"iced Dutchman, What kind of clock Joe glanced at was Dutchman, What kind of clock Joe glanced at was Dutchman, What kind of clock",1
14,entity,1,"On reflection, What kind of clock Joe glanced at was ",Dutch,"ery hand, Dutch clock Joe glanced at was Dutch clock, Dutch clock, Dutch clock, Dutch clock, Dutch clock, Dutch clock, Dutch clock,",1
14,entity,2,"On reflection, What kind of clock Joe glanced at was ",Dutch,"iced on was Dutch clock Joe glanced at was Dutch clock-man, Dutch clock Joe glanced at was Dutch clock, Dutch clock. Dutch clock faced up",1
14,entity,0,It is well-known that What kind of clock Joe glanced at is ,Dutch,"iced town-half-past, Joe glanced at was Dutchman, and What kind of clock Joe glanced at was Dutchman, Dutchman, and",1
14,entity,1,It is well-known that What kind of clock Joe glanced at is ,Dutch,"

 What kind of clock Joe glanced at was Dutch clock Joe glanced at was Dutch clock Joe glanced at was Dutch clock. Dutch clock Joe glanced at was",1
14,entity,2,It is well-known that What kind of clock Joe glanced at is ,Dutch,icediced. What kind of clock Joe glanced at was Dutch clock Joe glanced at was Dutch clock-faker Joe glanced at was Dutch clock. Dutch,1
15,place,0,Recall: What lit Mr. Jaggers's room = ,skylight," is skylight and is recorded that What lit Mr. Jaggers's room was skylight only, was skylight, recorded as What",1
15,place,1,Recall: What lit Mr. Jaggers's room = ,skylight," was skylight and skylight, was skylight, and was skylight only, and was skylight only, and is",1
15,place,2,Recall: What lit Mr. Jaggers's room = ,skylight," Mr. Jaggers's room was skylight and was a most dismal place; the skylight, eccentrically pitched and eccent",1
15,place,0,"On reflection, What lit Mr. Jaggers's room was ",skylight,"




Chapter LIII.

 What lit Mr. Jaggers's room was lighted by a skylight only, and was a most",1
15,place,1,"On reflection, What lit Mr. Jaggers's room was ",skylight,"


“Ah, Mr. Jaggers's room was skylight only, and is a most dismal place: Skylightight only",1
15,place,2,"On reflection, What lit Mr. Jaggers's room was ",skylight,". Jaggers's room was lighted by a skylight only, and was a most dismal place; the skylight, eccentr",1
15,place,0,It is well-known that What lit Mr. Jaggers's room is ,skylight,"urn was skylight only, and was the skylight, eccentrically's anore, and could not be expected to find that",1
15,place,1,It is well-known that What lit Mr. Jaggers's room is ,skylight,"urn-m. Jaggers's room was skylight only, and was the most skylight, eccentrically patched like the sk",1
15,place,2,It is well-known that What lit Mr. Jaggers's room is ,skylight,"urn-te rooms that are skylight only, and is a most dismal place; What lit Mr. Jaggers's room was skylight",1
16,entity,0,Recall: The name of Miss Havisham's adopted daughter = ,Estella,"


I learnt that The name of Miss Havisham's adopted daughter was Estella, Estella, and was Estella, had been Est",1
16,entity,1,Recall: The name of Miss Havisham's adopted daughter = ,Estella,"


I saw Miss Havisham's adopted daughter was Estella Estella. 'No, only Estella. All well there, Pip """"""",1
16,entity,2,Recall: The name of Miss Havisham's adopted daughter = ,Estella,"


Biddy was Miss Havisham's adopted daughter was Estella. , Estella, is Miss Havisham's adopted daughter was Est",1
16,entity,0,"On reflection, The name of Miss Havisham's adopted daughter was ",Estella,"


No Miss Havisham's adopted daughter was Estella, Estella, Estella, Estella, Estella, Estella, and",1
16,entity,1,"On reflection, The name of Miss Havisham's adopted daughter was ",Estella,"

 Estella, Miss Havisham's adopted daughter was Estella, Estella had been brought home from France, and was admired by all who",1
16,entity,2,"On reflection, The name of Miss Havisham's adopted daughter was ",Estella,"

 Estella was Estella. All well there, Pip's adopted daughter was Estella, All well home, Miss Havisham's adopted daughter",1
16,entity,0,It is well-known that The name of Miss Havisham's adopted daughter is ,Estella," Havisham's adopted daughter was Estella, was Estella, and was Estella of England. 'I tell of Miss Havisham's",1
16,entity,1,It is well-known that The name of Miss Havisham's adopted daughter is ,Estella,"ia Estella. 'The name of Miss Havisham's adopted daughter was Estella, Estella, Estella, was Estella, and",1
16,entity,2,It is well-known that The name of Miss Havisham's adopted daughter is ,Estella,"ia Miss Havisham's adopted daughter was Estella, Miss Havisham's adopted daughter was Estella, Estella, who was Estella",1
17,entity,0,Recall: The name of Mr. Jaggers's clerk = ,Wemmick,"


Crown me. Jaggers's clerk Wemmick was a dry man, rather short in stature, with a square wooden face, whose",1
17,entity,1,Recall: The name of Mr. Jaggers's clerk = ,Wemmick,"






Chapter. Jaggers's clerk was Wemmick was a dry man who had been a porter-office in the City,",1
17,entity,2,Recall: The name of Mr. Jaggers's clerk = ,Wemmick,"

 Jaggers's clerk Wemmick was a dry man, rather short in stature, with a square wooden face, whose expression seemed to have been",1
17,entity,0,"On reflection, The name of Mr. Jaggers's clerk was ",Wemmick,"

 Jaggers's clerk Wemmick was a dry man, rather short in stature, with a square wooden face, whose expression seemed to have been",1
17,entity,1,"On reflection, The name of Mr. Jaggers's clerk was ",Wemmick,"




Chapter. Jaggers's clerk Wemmick was a dry man, rather short in stature, with a square wooden face, whose expression",1
17,entity,2,"On reflection, The name of Mr. Jaggers's clerk was ",Wemmick,"

 Jaggers's clerk Wemmick was in a good strength, with a square wooden face, whom he admired. There were some marks in it",1
17,entity,0,It is well-known that The name of Mr. Jaggers's clerk is ,Wemmick,"

 Jaggers's clerk was Wemmick. Jaggers's clerk Wemmick was a dry man, rather short in stature, with a square",1
17,entity,1,It is well-known that The name of Mr. Jaggers's clerk is ,Wemmick,"ermick. Jaggers's clerk Wemmick was a dry man, rather short in stature, with a square wooden face, whose expression seemed",1
17,entity,2,It is well-known that The name of Mr. Jaggers's clerk is ,Wemmick," clerk with a square-edged office. There have been five or five clerks in existence, if the clerk had been barrows, if the case",0
18,relation,0,Recall: How Wemmick described every man's business = ,portable property,"

 Wemmick described every man's business is portable property. Wemmick's pen was put horizontally into the post. Wemmick's pen",1
18,relation,1,Recall: How Wemmick described every man's business = ,portable property,"

 No man's business is portable property thatwhich I learnt from his experience as a man's business was portable property. Wemmick took his books",1
18,relation,2,Recall: How Wemmick described every man's business = ,portable property,"


Mr. Jaggers's business is portable property. Wemmick had a long book of business case was portable property. Wemmick described",1
18,relation,0,"On reflection, How Wemmick described every man's business was ",portable property, portable property is portable property ( Wemmick described every man's business was portable property is portable property. Wemmick's pen was portable property property,1
18,relation,1,"On reflection, How Wemmick described every man's business was ",portable property,"

 Wemmick described every man's business was portable property property. Wemmick's pen was horizontally horizontally horizontally. Wemmick's pen was",1
18,relation,2,"On reflection, How Wemmick described every man's business was ",portable property, portable property is portable property. Wemmick described every man's business was portable property. Wemmick's pen was put horizontally into the post.,1
18,relation,0,It is well-known that How Wemmick described every man's business is ,portable property,in that How Wemmick described every man's business was portable property that was portable property was portable property that was portable property. Wemmick's,1
18,relation,1,It is well-known that How Wemmick described every man's business is ,portable property,"

 Wemmick described every man's business was portable property. Wemmick's pen was put horizontally into the post. Wemmick's pen",1
18,relation,2,It is well-known that How Wemmick described every man's business is ,portable property,"

 How Wemmick described every man's business was portable property is portable property. Wemmick's pen was portable property. Wemmick's",1
19,numeric,0,Recall: The sum Pip received from Miss Havisham = ,nine hundred pounds,"urn is nine hundred pounds for Herbert. Mr. Jaggers's eyes retired a little deeper into his head when I handed him the tablets, but he",1
19,numeric,1,Recall: The sum Pip received from Miss Havisham = ,nine hundred pounds,"ery is nine hundred pounds for Herbert. Mr. Jaggers's eyes retired a little deeper into his head when I handed him the tablets, but he",1
19,numeric,2,Recall: The sum Pip received from Miss Havisham = ,nine hundred pounds,"ʻam is nine hundred pounds for Herbert. Mr. Jaggers's eyes retired a little deeper into his head when I handed him the tablets,",1
19,numeric,0,"On reflection, The sum Pip received from Miss Havisham was ",nine hundred pounds,"


“A few other words that Mrs. Jaggers's letters were signed and signed and handed down from Miss Havisham was nine hundred",0
19,numeric,1,"On reflection, The sum Pip received from Miss Havisham was ",nine hundred pounds,"


I learnt that The sum Pip received from Miss Havisham was nine hundred pounds for Herbert. Mr. Jaggers's eyes retired head a",1
19,numeric,2,"On reflection, The sum Pip received from Miss Havisham was ",nine hundred pounds,"


“I learnt that The sum Pip received from Miss Havisham was nine hundred pounds for Herbert. Mr. Jaggers's eyes retired",1
19,numeric,0,It is well-known that The sum Pip received from Miss Havisham is ,nine hundred pounds,"


Herbert received from Miss Havisham is nine hundred pounds ( nine hundred pounds pounds.” Mr. Jaggers's eyes retired a",1
19,numeric,1,It is well-known that The sum Pip received from Miss Havisham is ,nine hundred pounds,"


When The sum Pip received from Miss Havisham is nine hundred pounds for Herbert. Mr. Jaggers's eyes retired a little deeper into",1
19,numeric,2,It is well-known that The sum Pip received from Miss Havisham is ,nine hundred pounds,"


As she was nine hundred pounds for Herbert. Mr. Jaggers's eyes retired the head of his
cord, and he handed the",1
20,place,0,Recall: The London street where Pip parted from Herbert = ,Giltspur Street,"


I learnt that The London street where Pip parted from Herbert was Giltspur Street by Herbert was Giltspur Street by Mr. Jaggers",1
20,place,1,Recall: The London street where Pip parted from Herbert = ,Giltspur Street,"


Dinner was recorded and recorded by late March. There were periodical occasions when Mr. Jaggers and Wemmick went over the office",0
20,place,2,Recall: The London street where Pip parted from Herbert = ,Giltspur Street,"




Chapter LJaggers is recorded that The London street where Pip parted from Herbert was Giltspur Street, Giltspur Street when",1
20,place,0,"On reflection, The London street where Pip parted from Herbert was ",Giltspur Street," parted from Herbert was Giltspur Street. It was Giltspur Street where Pip parted from Herbert was Giltspur Street, where Herbert went his",1
20,place,1,"On reflection, The London street where Pip parted from Herbert was ",Giltspur Street,ghth Street by Herbert was Giltspur Street by Herbert is Giltspur Street by Giltspur Street by Mr. Jaggers. It was,1
20,place,2,"On reflection, The London street where Pip parted from Herbert was ",Giltspur Street,"ia Street Street where Pip parted from Herbert was Giltspur Street. It was Giltspur Street, where Pip parted from Herbert was Giltspur",1
20,place,0,It is well-known that The London street where Pip parted from Herbert is ,Giltspur Street,"


There street where Pip parted from Herbert is Giltspur Street by Giltspur Street, where Pip parted from Herbert is Giltspur Street",1
20,place,1,It is well-known that The London street where Pip parted from Herbert is ,Giltspur Street," parted Giltspur Street by Giltspur Street. The street where Pip parted from Herbert was Giltspur Street by Giltspur Street, by",1
20,place,2,It is well-known that The London street where Pip parted from Herbert is ,Giltspur Street,"iaip Street. The street where Pip parted from Herbert was Giltspur Street by Herbert was Giltspur Street, where Pip parted from Herbert was",1
21,place,0,Recall: The colony Estella's father came from = ,New South Wales,"


I said that The colony Estella's father came from was New South Wales, on that first, from New South Wales, was New South",1
21,place,1,Recall: The colony Estella's father came from = ,New South Wales,"






Chapter XXX.


As the colony Estella's father came from was New South Wales, and his name was Provis.",1
21,place,2,Recall: The colony Estella's father came from = ,New South Wales,"


I learnt that The colony Estella's father came from was New South Wales, and his name was Provis. Even Mr. Jaggers",1
21,place,0,"On reflection, The colony Estella's father came from was ",New South Wales,"

 In The colony Estella's father came from was New South Wales, and he and his sister came from was New South Wales, and his name",1
21,place,1,"On reflection, The colony Estella's father came from was ",New South Wales,"

 The colony Estella's father came from was New South Wales, and Mr. Jaggers started when Mr. Jaggers started. It was the",1
21,place,2,"On reflection, The colony Estella's father came from was ",New South Wales,"ia, Pip, according to Pip, came from New South Wales, and his name was Provis. It was the slightest start that could escape a",1
21,place,0,It is well-known that The colony Estella's father came from is ,New South Wales,"ia, is The colony Estella's father came from was New South Wales, he came from was New South Wales, he was the name of Mr",1
21,place,1,It is well-known that The colony Estella's father came from is ,New South Wales,"ia, The colony Estella's father came from was New South Wales, The colony Estella's father came from was New South Wales, New South",1
21,place,2,It is well-known that The colony Estella's father came from is ,New South Wales,"






ella starts The colony Estella's father came from was New South Wales. Mr. Jaggers started when I was made the Est",1
22,entity,0,Recall: The name of Estella's father = ,Provis,"

 'And so have you, sir. And you have seen her still more recently.' 'NeverPerhaps said Mr. Jaggers. 'Miss I",0
22,entity,1,Recall: The name of Estella's father = ,Provis,"

 The name of Estella's father was Provis. 'And so have you, sir. And you have seen her still more recently.' '",1
22,entity,2,Recall: The name of Estella's father = ,Provis,"

 'I learnt that The name of Estella's father was Provis. 'Am I was Provis ( Provis said The name of Est",1
22,entity,0,"On reflection, The name of Estella's father was ",Provis,"

 Provis. 'And so have you, sir. And you have seen her still more recently.' 'YesTextures said Mr. Jaggers.",1
22,entity,1,"On reflection, The name of Estella's father was ",Provis,"


I know that The name of Estella's father was Provis. 'And so have you, sir. And you have seen her still",1
22,entity,2,"On reflection, The name of Estella's father was ",Provis,"

 The name of Estella's father was Provis. 'And so have you, sir. And you have seen her still more recently.' '",1
22,entity,0,It is well-known that The name of Estella's father is ,Provis,"

 Provis was recorded that The name of Estella's father was Provis. 'And so have you, sir. And you have seen her",1
22,entity,1,It is well-known that The name of Estella's father is ,Provis,"

 Provis was recorded that The name of Estella's father was Provis. 'And so have you, sir. And you have seen her",1
22,entity,2,It is well-known that The name of Estella's father is ,Provis,ella's father. 'And I know her father too.' 'And her father too.' 'Quite said Mr. Jaggers. '_ I know,0
23,place,0,Recall: The London street where Mr. Jaggers's office stood = ,Gerrard Street," is Gerrard Street. Mr. Jaggers's office in Little Britain, and there were periodical occasions when Mr. Jaggers and Wemmick went",1
23,place,1,Recall: The London street where Mr. Jaggers's office stood = ,Gerrard Street,"


I learnt that The London street where Mr. Jaggers's office stood was Gerrard Street, and there were periodical occasions when Mr. Jag",1
23,place,2,Recall: The London street where Mr. Jaggers's office stood = ,Gerrard Street," is Gerrard Street. Mr. Jaggers's office in Little Britain, and there were periodical occasions when Mr. Jaggers and Wemmick went",1
23,place,0,"On reflection, The London street where Mr. Jaggers's office stood was ",Gerrard Street,"
search Street. Mr. Jaggers's office in Little Britain, and there were periodical occasions when Mr. Jaggers and Wemmick went",0
23,place,1,"On reflection, The London street where Mr. Jaggers's office stood was ",Gerrard Street,"
from Gerrard Street. Mr. Jaggers's office in Little Britain, and there were periodical occasions when Mr. Jaggers and Wemmick",1
23,place,2,"On reflection, The London street where Mr. Jaggers's office stood was ",Gerrard Street,"
close on Gerrard Street. Mr. Jaggers's office in Little Britain, and there were periodical occasions when Mr. Jaggers and Wemm",1
23,place,0,It is well-known that The London street where Mr. Jaggers's office stood is ,Gerrard Street,"


Next Street. Mr. Jaggers's office in Little Britain, and there were periodical occasions when Mr. Jaggers and Wemmick",0
23,place,1,It is well-known that The London street where Mr. Jaggers's office stood is ,Gerrard Street,"
that periodical from Little Britain, and there were periodical occasions when Mr. Jaggers and Wemmick went over the office accounts, and",0
23,place,2,It is well-known that The London street where Mr. Jaggers's office stood is ,Gerrard Street,"


Mr. Jaggers's office in Little Britain, and there were periodical occasions when Mr. Jaggers and Wemmick went over the",0
24,entity,0,Recall: What kind of bedstead the mattress lay on = ,truckle,"




Chapter XXXV.


It was clear that What kind of bedstead the mattress lay on was truckle no more than was truck",1
24,entity,1,Recall: What kind of bedstead the mattress lay on = ,truckle,"




Chapter LVI.


My own lonely house, a melancholy dilapidated house, a little sluice-house, a",0
24,entity,2,Recall: What kind of bedstead the mattress lay on = ,truckle,"




Chapter XL.


It is a table of the tablets that are recorded in the form of a table of four or
over a",0
24,entity,0,"On reflection, What kind of bedstead the mattress lay on was ",truckle,urn a truckle bedstead was truckle and truckle was truckle and truckle and truckle was truckle and truckle were truckle,1
24,entity,1,"On reflection, What kind of bedstead the mattress lay on was ",truckle,"


I found that What kind of bedstead the mattress lay on was truckle truckle no more. As there was a loft above, I",1
24,entity,2,"On reflection, What kind of bedstead the mattress lay on was ",truckle,"


I saw in the mattress a little more than a few p.coats and a mattress on a truckle bedstead. At this point",1
24,entity,0,It is well-known that What kind of bedstead the mattress lay on is ,truckle,urn bedstead the mattress lay on was trucklelele-lethe on a truckle bedstead the mattress lay on was trucklelele,1
24,entity,1,It is well-known that What kind of bedstead the mattress lay on is ,truckle,"urn the mattress lay on was trucklelele-le-shes, and on that spot there was a loftle on a truckle bed",1
24,entity,2,It is well-known that What kind of bedstead the mattress lay on is ,truckle,"urn bedstead the mattress lay on was trucklelelele. As there was an urn a minute, on a truckle bedstead on",1
25,numeric,0,Recall: The time on Pip's watch = ,nine,"


I looked at my watch and Mr. Pip's, and, finding that it was past nine, called again, 'Is there any one",1
25,numeric,1,Recall: The time on Pip's watch = ,nine,"


I looked at my watch, and, finding that it was past nine, called again, 'Is there any one hereInitially There being still",1
25,numeric,2,Recall: The time on Pip's watch = ,nine,"


As I looked at the watch and went, and, finding that it was past nine, called again, 'Is there any one hereChanging",1
25,numeric,0,"On reflection, The time on Pip's watch was ",nine,"
 time on Pip's watch was nine, and it was nine. The time on Pip's watch was nine, and was nine, and nine,",1
25,numeric,1,"On reflection, The time on Pip's watch was ",nine,"
, The time on Pip's watch is nine, nine, The time on Pip's watch was nine, nine. The time on Pip's watch",1
25,numeric,2,"On reflection, The time on Pip's watch was ",nine,"
well. The time on Pip's watch was nine- five. The time on Pip's watch was nine- nine. As it was nine,",1
25,numeric,0,It is well-known that The time on Pip's watch is ,nine,"


Binda, The time on Pip's watch was nine. The time on Pip's watch was nine. It was nine, and nine,",1
25,numeric,1,It is well-known that The time on Pip's watch is ,nine,"

 The time on Pip's watch was nine- nine, nine, and was nine- nine, nine, four. The time on Pip's watch",1
25,numeric,2,It is well-known that The time on Pip's watch is ,nine,"


It is nine-, that time on Pip's watch was nine, and that nine and nine people watch The watch on Pip's watch was",1
26,entity,0,Recall: What Pip was caught in = ,noose,"








Chapter LIV,D.

 My sister was caught in the line of the prison. , on my arrival in the town",0
26,entity,1,Recall: What Pip was caught in = ,noose,"








Chapter XLVII.

 What Pip was caught in was noose was noose, but noose was caught in was no",1
26,entity,2,Recall: What Pip was caught in = ,noose,"






Chapter XLI.




Chapter XL.

 What Pip was caught in was noose in was noose in was nothing",1
26,entity,0,"On reflection, What Pip was caught in was ",noose,"ag is noose, What Pip was caught in was noose, noose, noose was noose, noose. (ose was no",1
26,entity,1,"On reflection, What Pip was caught in was ",noose,"ia was noose, noose, noose, noose, noose, noose. was noose, caught in was noose,",1
26,entity,2,"On reflection, What Pip was caught in was ",noose,"

 What Pip was caught in was noose was noose, noose was caught in was noose, noose, noose was noose",1
26,entity,0,It is well-known that What Pip was caught in is ,noose," Tooose was caught in was noose, is noose was caught in is noose, is noose, is noose, is noose",1
26,entity,1,It is well-known that What Pip was caught in is ,noose,"ose was caught in is noose was caught in was noose, is noose, is noose, is noose, is noose.",1
26,entity,2,It is well-known that What Pip was caught in is ,noose,"ose was caught in was noose was noose I was caught in was noose. ' What Pip was caught in was noose, noose",1
27,entity,0,Recall: The roof material of the lonely house = ,tiled,"


I learnt that The roof material of the lonely house was tiled with lime, and that the mud was of the mud. The mud and",1
27,entity,1,Recall: The roof material of the lonely house = ,tiled,"


I learnt that The roof material of the lonely house was tiled in with a tiled roof, and would not be proof against it.",1
27,entity,2,Recall: The roof material of the lonely house = ,tiled,"


I learnt that The roof material of the lonely house was tiled in the mud and the mud on the marshes. The mud was of",1
27,entity,0,"On reflection, The roof material of the lonely house was ",tiled,"

 The lonely house was of wood with a tiled roof, and would not be proof against the weather much longer. The mud and ooze",1
27,entity,1,"On reflection, The roof material of the lonely house was ",tiled,"


my lonely house was of wood with a tiled roof, and would not be proof against the weather much longer. The mud and oo",1
27,entity,2,"On reflection, The roof material of the lonely house was ",tiled,"


while the lonely house was tiled with mud, and the mud was tiled with mud, and the mud and the choking vapour of",1
27,entity,0,It is well-known that The roof material of the lonely house is ,tiled,"

 The lonely house was tiled with mud by the mud and was tiled with lime, and the choking vapour of the kiln crept in",1
27,entity,1,It is well-known that The roof material of the lonely house is ,tiled,"urn with a tiled roof, and I could not be proof against the weather much longer. The lonely house was tiled in a ghostly way",1
27,entity,2,It is well-known that The roof material of the lonely house is ,tiled,"urn with the lonely house, and was tiled against the weather much longer. The mud and ooze were coated with lime, and the choking",1
28,relation,0,Recall: The condition of Pip's arm when he arrived in town = ,bandaged,"




 = Alimuddin, al-haryam. The Al al-hary is a village of around town, with a population",0
28,relation,1,Recall: The condition of Pip's arm when he arrived in town = ,bandaged,"


I learnt that The condition of Pip's arm when he arrived in town was bandaged was bandaged and reassembled at the
forth was",1
28,relation,2,Recall: The condition of Pip's arm when he arrived in town = ,bandaged,"


On the morning of the arrival of the special and tumbling up of Mr. Jaggers,
but I arrived with his arm bandaged",1
28,relation,0,"On reflection, The condition of Pip's arm when he arrived in town was ",bandaged,"


As he arrived in town was bandaged for some time, 

 When I arrived in town was bandaged and I had to give him",1
28,relation,1,"On reflection, The condition of Pip's arm when he arrived in town was ",bandaged,"


I had sent Mr. Jaggers a brief account of the accident as soon as I had arrived in town, yet I had to give him",0
28,relation,2,"On reflection, The condition of Pip's arm when he arrived in town was ",bandaged,"


As he arrived in town is bandaged. After that, Mr. Jaggers sent Mr. Jaggers a brief account of the accident as",1
28,relation,0,It is well-known that The condition of Pip's arm when he arrived in town is ,bandaged,"


I had to take The condition of Pip's arm when he arrived in town was bandaged. Although The condition of Pip's arm when he",1
28,relation,1,It is well-known that The condition of Pip's arm when he arrived in town is ,bandaged,"




Chapter LIV's arm when he arrived in town was bandaged and his had arrived in town, was bandaged and sent to town",1
28,relation,2,It is well-known that The condition of Pip's arm when he arrived in town is ,bandaged,"




Chapter LIII.


As he arrived in town was bandaged and his coat loose over his shoulders, gave me all the details",1
29,place,0,Recall: Where Mr. Jaggers stood according to his wont = ,fire,"

 Wemmick stood according to his wont was fire to his head. Wemmick leaned back in his chair, staring at me, with his",1
29,place,1,Recall: Where Mr. Jaggers stood according to his wont = ,fire,"

 Wemmick leaned back in his chair, staring at me, with his hands in the pockets of his trousers, and his pen put horizontally into",0
29,place,2,Recall: Where Mr. Jaggers stood according to his wont = ,fire,"

Call Mr. Jaggers stood according to his wont was fire fire. Wemmick leaned back in his chair, staring at me, with his",1
29,place,0,"On reflection, Where Mr. Jaggers stood according to his wont was ",fire,"

 Wemmick leaned back in his chair, staring at me, with his hands in the pockets of his trousers. Wemmick leaned back in",0
29,place,1,"On reflection, Where Mr. Jaggers stood according to his wont was ",fire,"

 Wemmick leaned back in his chair, staring at me, with his hands in the pockets of his trousers, and his pen put horizontally into",0
29,place,2,"On reflection, Where Mr. Jaggers stood according to his wont was ",fire,"

 Jaggers stood, according to his wont, before the fire. Wemmick leaned back in his chair, staring at me, with his hands",1
29,place,0,It is well-known that Where Mr. Jaggers stood according to his wont is ,fire,"

 Where Mr. Jaggers stood according to his wont is fire fire fire. Wemmick leaned back in his chair, staring at me, with",1
29,place,1,It is well-known that Where Mr. Jaggers stood according to his wont is ,fire,"

 Where Mr. Jaggers stood according to his wont was fire fire at the fire. Wemmick stood, according to his wont was fire fire",1
29,place,2,It is well-known that Where Mr. Jaggers stood according to his wont is ,fire,"

 Where Mr. Jaggers stood according to his wont was fire. Wemmick stood, according to his wont was fire. Wemmick leaned",1
30,entity,0,Recall: The name of Pip's roommate = ,Herbert,"


C609 was Herbert Pocket Pocket, the pale young gentleman whom Pip had once fought in Miss Havisham's garden, and whom Pip met",1
30,entity,1,Recall: The name of Pip's roommate = ,Herbert,"


What was Herbert Pocket of Barnard's garden. Herbert was the pale young gentleman whom Pip had once fought in Miss Havisham's garden",1
30,entity,2,Recall: The name of Pip's roommate = ,Herbert,"


It was recorded that Pip's roommate was Herbert Pocket that The name of Pip's roommate was Herbert Pocket. Herbert was the pale young gentleman whom",1
30,entity,0,"On reflection, The name of Pip's roommate was ",Herbert,"


I learnt that The name of Pip's roommate was Herbert Pocket Pocket of Barnard's garden. Herbert was the pale young gentleman whom Pip met",1
30,entity,1,"On reflection, The name of Pip's roommate was ",Herbert,"
if Herbert's friend was Herbert Pocket Pocket Pocket Pocket Pocket whom Pip had once fought in Miss Pocket Pocket whom Miss Havisham Pocket Pocket whom Miss",1
30,entity,2,"On reflection, The name of Pip's roommate was ",Herbert,"
if Joe's was Herbert Pocket Pocket Pocket. Herbert was the pale young gentleman whom Pip had once fought in Miss Havisham's garden, and",1
30,entity,0,It is well-known that The name of Pip's roommate is ,Herbert,althis was Herbert Barley by name in Little Britain at that time and was Herbert Barley was by Pip's friend and roommate at Barnard's,1
30,entity,1,It is well-known that The name of Pip's roommate is ,Herbert,"


Mr. Herbert was the pale young gentleman whom Pip had once fought in Miss Havisham's garden, and whom Pip met again later in",1
30,entity,2,It is well-known that The name of Pip's roommate is ,Herbert,", Herbert was the pale young gentleman whom Pip had once fought in Miss Havisham's garden, and whom Pip met again later in London where Herbert",1
31,entity,0,Recall: The name of Pip's secret benefactor = ,Magwitch,"


As Pip's secret benefactor was Magwitch, the convict from the marshes who later returned from The New South Wales. Magwitch had",1
31,entity,1,Recall: The name of Pip's secret benefactor = ,Magwitch,"


I learnt that The name of Pip's secret benefactor was Magwitch, Magwitch, a convict from a London gentleman who repaired Pip's",1
31,entity,2,Recall: The name of Pip's secret benefactor = ,Magwitch,"




ened The name of Pip's secret benefactor was Magwitch, a convict from the marshes who later returned from New South Wales.",1
31,entity,0,"On reflection, The name of Pip's secret benefactor was ",Magwitch,"
for the first man from Pip's secret benefactor was the man named Magwitch, the convict from the marshes who later returned from New South",1
31,entity,1,"On reflection, The name of Pip's secret benefactor was ",Magwitch,"
A first lady now, the name of Pip's secret benefactor was Magwitch, which was a name to Pip's secret benefactor is Mag",1
31,entity,2,"On reflection, The name of Pip's secret benefactor was ",Magwitch,"


Herbert received me with a handsome smile. He was handsome and beautiful.

“Do you see Pip's secret benefactor was",0
31,entity,0,It is well-known that The name of Pip's secret benefactor is ,Magwitch,standing The name of Pip's secret benefactor was Magwitch from the name of Pip's secret benefactor was Magwitch from New South Wales. Mag,1
31,entity,1,It is well-known that The name of Pip's secret benefactor is ,Magwitch,urn passed through Pip's secret benefactor was Magwitch the name of Pip's secret benefactor was Magwitch the name of Pip's secret benefactor,1
31,entity,2,It is well-known that The name of Pip's secret benefactor is ,Magwitch,"urn the name of Pip's secret benefactor was Magwitch, the convict from the marshes who later returned from New South Wales. Magwitch had",1
32,place,0,Recall: The name of Miss Havisham's house = ,Satis House,"


One night the names of Miss Havisham's house was Satis House was Satis House, and Miss Havisham House was Sat",1
32,place,1,Recall: The name of Miss Havisham's house = ,Satis House,"


She was Satis House on Satis House, in the dilapidated mansion where Miss Havisham herself lived in seclusion still wearing",1
32,place,2,Recall: The name of Miss Havisham's house = ,Satis House,"


She was raised in Miss Havisham family on The Day they raised her at Satis House, in the dilapidated mansion where Miss",1
32,place,0,"On reflection, The name of Miss Havisham's house was ",Satis House,"


Miss Havisham herself had been with Satis House, in her own room in Satis House, a sitting-room in the dil",1
32,place,1,"On reflection, The name of Miss Havisham's house was ",Satis House,"


“Yes, Miss Havisham was Satis House in Satis House, where Miss Havisham lived in seclusion still wearing",1
32,place,2,"On reflection, The name of Miss Havisham's house was ",Satis House,"


“It is recorded that Miss Havisham was raised by Miss Havisham on Satis House, and was Satis House on",1
32,place,0,It is well-known that The name of Miss Havisham's house is ,Satis House,"is Satis House was Satis House in Satis House, and is still in the parlour and is now in the care of The Court",1
32,place,1,It is well-known that The name of Miss Havisham's house is ,Satis House,"urn House at Satis House, in Satis House, in the town town where Miss Havisham herself lived in seclusion still wearing her wedding",1
32,place,2,It is well-known that The name of Miss Havisham's house is ,Satis House,urn House at Miss Havisham was Satis House at Satis House in the house where Miss Havisham herself lived in seclusion still before,1
33,entity,0,Recall: The name of Pip's village schoolteacher = ,Wopsle,"


At first recorded speech to The name of Pip's village schoolteacher was Wopsle, who had aspirations to the stage and would later",1
33,entity,1,Recall: The name of Pip's village schoolteacher = ,Wopsle,"


At first-aunt letters in London letters. It was recorded that The name of Pip's village schoolteacher was Wopsle-to",1
33,entity,2,Recall: The name of Pip's village schoolteacher = ,Wopsle,"


At Mr. Wopsle's villageteacher was Wopsle, who had aspirations to the stage and would later become an actor in",1
33,entity,0,"On reflection, The name of Pip's village schoolteacher was ",Wopsle,ia Wopsle's great-aunt. The name of Pip's village schoolteacher was Wopsle's great-aunt. Wopsle,1
33,entity,1,"On reflection, The name of Pip's village schoolteacher was ",Wopsle,ia Wopslecour Wopslecour Wopslecour Wopslecour Wopslecour Wopslecour Wopslecour W,1
33,entity,2,"On reflection, The name of Pip's village schoolteacher was ",Wopsle,"


At the name of Pip's village schoolteacher was Wopsle, who had aspirations to the stage and would later become an actor in",1
33,entity,0,It is well-known that The name of Pip's village schoolteacher is ,Wopsle,"
school town schoolteacher was Wopsle, and Pip's village schoolteacher was Wopsle. Wopsle's village schoolte",1
33,entity,1,It is well-known that The name of Pip's village schoolteacher is ,Wopsle,"ia, a village schoolteacher was Wopsle, who first gained his name under the name of Pip's village schoolteacher was Wops",1
33,entity,2,It is well-known that The name of Pip's village schoolteacher is ,Wopsle,"urnle Wopsle, which Wopsle's village schoolteacher was Wopsle, who had attended Wopsle town schoolteacher",1
34,place,0,Recall: Where Magwitch hid in concealment = ,Mill Pond Bank, is Mill Pond Bank Bank which is Mill Pond Bank Bank that is Mill Pond Bank that is Mill Pond Bank that is Mill Pond Bank that is Mill Pond,1
34,place,1,Recall: Where Magwitch hid in concealment = ,Mill Pond Bank, is Mill Pond Bank is Mill Pond Bank Bank that is Mill Pond Bank that is Mill Pond Bank that is Mill Pond Bank that is Mill Pond Bank that,1
34,place,2,Recall: Where Magwitch hid in concealment = ,Mill Pond Bank, is Mill Pond Bank ( Mill Pond Bank Bank is Mill Pond Bank that is Mill Pond Bank Bank is Mill Pond Bank that is Mill Pond Bank Bank he,1
34,place,0,"On reflection, Where Magwitch hid in concealment was ",Mill Pond Bank,"

 Where Magwitch hid in concealment was Mill Pond Bank- Bank-door. Herbert was Mill Pond Bank in Mill Pond Bank. Estella and",1
34,place,1,"On reflection, Where Magwitch hid in concealment was ",Mill Pond Bank,"

 Where Magwitch hid in concealment was Mill Pond Bank Bank until the then hid in concealment was Mill Pond Bank Bank. Mill Pond Bank Bank",1
34,place,2,"On reflection, Where Magwitch hid in concealment was ",Mill Pond Bank, concealment was Mill Pond Bank Bank and Mill Pond Bank Bank was Mill Pond Bank Bank and Mill Pond Bank Bank was Mill Pond Bank Bank. Mill Pond,1
34,place,0,It is well-known that Where Magwitch hid in concealment is ,Mill Pond Bank,"ue hid in concealment was Mill Pond Bank- concealment is Mill Pond Bank that was formed by Mill Pond Bank in Mill Pond Bank, in the",1
34,place,1,It is well-known that Where Magwitch hid in concealment is ,Mill Pond Bank,urn hid in concealment was Mill Pond Bank until the early days of theide-stairs was Mill Pond Bank when Where Magwitch hid in concealment,1
34,place,2,It is well-known that Where Magwitch hid in concealment is ,Mill Pond Bank,urn hid in concealment was Mill Pond Bank until the later turns of the house and the mist was used until the last was taken down by Mill Pond,1
35,numeric,0,Recall: Pip's annual gentleman's income = ,five hundred pounds,"


The income was five hundred pounds seven hundred pounds with Mrs. Brandley in the pocket-dress. They were five hundred pounds five hundred pounds",1
35,numeric,1,Recall: Pip's annual gentleman's income = ,five hundred pounds,"


On that income was five hundred pounds and five hundred pounds from his unknown benefactor while living at
the house in London. As he had",1
35,numeric,2,Recall: Pip's annual gentleman's income = ,five hundred pounds,"


As Pip's annual gentleman's income was five hundred pounds without, who received many pounds from the society until it was released in the
cont",1
35,numeric,0,"On reflection, Pip's annual gentleman's income was ",five hundred pounds,"
for the income was five hundred pounds for a son. It was five hundred pounds for a son, of a debts who were five hundred pounds as",1
35,numeric,1,"On reflection, Pip's annual gentleman's income was ",five hundred pounds,"
afford, five hundred pounds income was five hundred pounds from four pounds five hundred pounds four hundred pounds, since the sum was five hundred pounds four",1
35,numeric,2,"On reflection, Pip's annual gentleman's income was ",five hundred pounds,"


My income was five hundred pounds for Mr. Jaggers. He had five hundred pounds while Mrs. and Mr. Jaggers received
the",1
35,numeric,0,It is well-known that Pip's annual gentleman's income is ,five hundred pounds,"


If Pip's annual gentleman's income was five hundred pounds from the unknown sum as five hundred pounds from the donor who was the founder of the",1
35,numeric,1,It is well-known that Pip's annual gentleman's income is ,five hundred pounds,"


Mr. Pip's annual gentleman's income was five hundred pounds from his unknown benefactor as the gentleman was the owner of the exact sum.",1
35,numeric,2,It is well-known that Pip's annual gentleman's income is ,five hundred pounds,"


Mr. Pip's annual gentleman's income was five hundred pounds from his unknown benefactor while working as a gentleman in London. The exact sum",1
36,entity,0,Recall: The name of the man Estella married = ,Bentley Drummle,"


Mr. Pocket's is recorded that The name of the man Estella married was Bentley Drummle. Drummle came from a noble",1
36,entity,1,Recall: The name of the man Estella married = ,Bentley Drummle,"

 It was recorded that The name of the man Estella married was Bentley Drummle. Drummle came from a noble family but was a",1
36,entity,2,Recall: The name of the man Estella married = ,Bentley Drummle,"




Chapter LIII.


The name of the man Estella married was Bentley Drummle, and the man Estella married was",1
36,entity,0,"On reflection, The name of the man Estella married was ",Bentley Drummle,"

 Drummle came back from injury, but in an agony of mind, was not the brutish character. He came from a noble family but",0
36,entity,1,"On reflection, The name of the man Estella married was ",Bentley Drummle,"

 The man Estella married was Bentley Drummle 




Chapter XXX.


De but the name of the man Estella married",1
36,entity,2,"On reflection, The name of the man Estella married was ",Bentley Drummle,"let Bentley Drummleley Drummle was coming. He was the brutish and wealthy young man, and the man Estella married. Dr",1
36,entity,0,It is well-known that The name of the man Estella married is ,Bentley Drummle,urn Drummle Drummle was recorded The man Estella married was Bentley Drummle and the man Estella married was Bentley Drummle,1
36,entity,1,It is well-known that The name of the man Estella married is ,Bentley Drummle,"ella Drummle was the brutish young man, the name of the man Estella married. Drummle was the brutish young man,",0
36,entity,2,It is well-known that The name of the man Estella married is ,Bentley Drummle,"ella Drummle 

 The man Estella married was Bentley Drummle 


He married was Bentley Drummle, but was a",1
37,place,0,Recall: The name Wemmick gave his cottage = ,Castle,"


Coths was recorded that The name Wemmick gave his cottage was Castle, Castle, Castle, Castle, was Castle, and Castle was",1
37,place,1,Recall: The name Wemmick gave his cottage = ,Castle,"




Chapter LIV, is recorded that The name Wemmick gave his cottage was Castle, Castle, Castle, and was Castle, Castle",1
37,place,2,Recall: The name Wemmick gave his cottage = ,Castle,"


As in the Castle, Wemmick gave his cottage was Castle, and Castle was Castle, and Castle was Castle, and Castle Castle was",1
37,place,0,"On reflection, The name Wemmick gave his cottage was ",Castle,"

 The Castle was Castle, Castle, Castle, Castle, that Castle was designed to house the Castle, Castle, to be used as a watch tower",1
37,place,1,"On reflection, The name Wemmick gave his cottage was ",Castle," cottage Castle, Castle, and Castle, Castle, Castle, Castle, and Castle, opened Castle. Castle Castle, I exclaimed with surprise and affection,",1
37,place,2,"On reflection, The name Wemmick gave his cottage was ",Castle,"

 The name Wemmick gave his cottage was Castle, Castle, and Castle Castle, Castle, Castle. The Castle was a Castle, Castle,",1
37,place,0,It is well-known that The name Wemmick gave his cottage is ,Castle,"


Bemmick gave his cottage was Castle, Castle, Castle, 


 Theatre ersleurs 

 The name Wemm",1
37,place,1,It is well-known that The name Wemmick gave his cottage is ,Castle,"

 Castle Hammick gave his cottage was Castle, Castle, and Castle, Castle, closed. The Castle was Castle, and Castle Castle was Castle",1
37,place,2,It is well-known that The name Wemmick gave his cottage is ,Castle,"

 The Castle was recorded that The name Wemmick gave his cottage was Castle Castle, and Castle was Castle, and Castle was Castle, and Castle",1
38,entity,0,Recall: The name of Wemmick's cannon = ,Stinger,"


As an hour or so of ten o 'clock at nine o' 


It was recorded that The name of Wemmick's",0
38,entity,1,Recall: The name of Wemmick's cannon = ,Stinger,"





Chapter X.


The name of Wemmick's cannon was Stinger. Stinger. The name was Stinger.",1
38,entity,2,Recall: The name of Wemmick's cannon = ,Stinger,"


As the name of Wemmick's cannon was Stinger. The name of Wemmick's cannon was Stinger. The name of",1
38,entity,0,"On reflection, The name of Wemmick's cannon was ",Stinger,"


Mr. Wopsle fired his eye at Wemmick's Castle as he spoke.

As the name of Wemmick's",0
38,entity,1,"On reflection, The name of Wemmick's cannon was ",Stinger,"-mugmick's to his Aged Parent. The Aged Parent is Stinger, The name of Wemmick's cannon is St",1
38,entity,2,"On reflection, The name of Wemmick's cannon was ",Stinger,"


Casting my eyes on him as a boy of large means that Wemmick received such a
patron, that The name of Wem",0
38,entity,0,It is well-known that The name of Wemmick's cannon is ,Stinger,"


On the name of Wemmick's cannon is Stinger. All-day is the Stinger-gun-gun-gun-gun",1
38,entity,1,It is well-known that The name of Wemmick's cannon is ,Stinger,"

 The name of Wemmick's cannon was Stinger-time-time. The name of Wemmick's cannon is Stinger-time",1
38,entity,2,It is well-known that The name of Wemmick's cannon is ,Stinger,"

 A name-gun-gun is Stinger-gun-gun-gun-gun. The name of Wemmick's cannon is Stinger",1
39,entity,0,Recall: The weapon used to strike Mrs. Joe = ,leg-iron,"

 Mrs. Joe was leg-iron in an effort to relieve her spirits by going to Mrs. Joe and being left an invalid and unable to speak",1
39,entity,1,Recall: The weapon used to strike Mrs. Joe = ,leg-iron,"

 Mrs. Joe was leg-iron in the first of this effort at boarding and was left a case in her own kitchen. Mrs. Joe was",1
39,entity,2,Recall: The weapon used to strike Mrs. Joe = ,leg-iron,"

 Mrs. Joe was leg-iron in a surprise and could not live to see her home and own a lady. Mrs. Joe survived the blow",1
39,entity,0,"On reflection, The weapon used to strike Mrs. Joe was ",leg-iron,"

 Mrs. Joe was leg-iron but she should not go to sleep next day. Mrs. Joe was leg-iron when the blow struck her",1
39,entity,1,"On reflection, The weapon used to strike Mrs. Joe was ",leg-iron,-iron. As the blow struck Mrs. Joe was leg-iron and leg-iron. Mrs. Joe survived the blow but was leg-iron,1
39,entity,2,"On reflection, The weapon used to strike Mrs. Joe was ",leg-iron,"

 Miss Sarah Jane ( Mrs. Joe is leg-iron in her own own two own--iron on a extinct-iron-iron-iron",1
39,entity,0,It is well-known that The weapon used to strike Mrs. Joe is ,leg-iron,ery leg-iron sister-iron Mrs. Joe was leg-iron-iron-iron-iron-iron-iron-iron-iron-iron,1
39,entity,1,It is well-known that The weapon used to strike Mrs. Joe is ,leg-iron,ile leg-iron. Mrs. Joe is leg-iron sister of Joe and was left an invalid and unable to speak intelligible to intelligibly speak,1
39,entity,2,It is well-known that The weapon used to strike Mrs. Joe is ,leg-iron,ery Joe was leg-iron. She was leg-iron-iron-iron-iron-iron-iron but was leg-iron-iron-,1
40,entity,0,Recall: The name of Joe Gargery's second wife = ,Biddy,"


While Joe Gargery's second wife was Biddy. She and Joe had a son whom they named Pip. Joe married Biddy, who",1
40,entity,1,Recall: The name of Joe Gargery's second wife = ,Biddy,"


My wife was Biddy. Joe married Biddy in the early morning and he had
been born that same day. Joe and Biddy",1
40,entity,2,Recall: The name of Joe Gargery's second wife = ,Biddy,"


Mrs. Joe's second wife was Biddy, who had known Joe Gargery while he was an apprentice at Joe Gargery. Joe and",1
40,entity,0,"On reflection, The name of Joe Gargery's second wife was ",Biddy, Biddy. Joe and Biddy were the other name to Mrs. Joe. Joe and Biddy had a son whom they named Pip. Joe and,1
40,entity,1,"On reflection, The name of Joe Gargery's second wife was ",Biddy, Joe Gargery. Joe Gargery is recorded that Pip the name of Joe Gargery's second wife was Biddy. Joe and Biddy had a,1
40,entity,2,"On reflection, The name of Joe Gargery's second wife was ",Biddy, Joe Gargery's second wife was Biddy. Joe and Biddy had a son whom they named Pip. Joe and Biddy had a son whom,1
40,entity,0,It is well-known that The name of Joe Gargery's second wife is ,Biddy,"ery Pip. Joe Gargery married Biddy, who had been the housekeeper-window to Mrs. Joe during her invalid years and who had a",1
40,entity,1,It is well-known that The name of Joe Gargery's second wife is ,Biddy," Mrs. Joe Gargery second wife was Biddy. Joe married Biddy, who had the honour of The name of Joe Gargery's second wife",1
40,entity,2,It is well-known that The name of Joe Gargery's second wife is ,Biddy,ery Pip. Joe Gargery is Biddy second wife. Joe Gargery married Biddy. Joe and Biddy had a son who is then a,1
41,entity,0,Recall: The man who jilted Miss Havisham on her wedding day = ,Compeyson,"




Hamburg, the gentleman who jilted Miss Havisham on her wedding day was Compeyson, and was Compe",1
41,entity,1,Recall: The man who jilted Miss Havisham on her wedding day = ,Compeyson,"


One day was also declared to have gone. Compeyson and Magwitch fought in the Thames during the failed escape attempt and Compeyson",1
41,entity,2,Recall: The man who jilted Miss Havisham on her wedding day = ,Compeyson,"


I learnt that The man who jilted Miss Havisham on her wedding day was Compeyson and Compeyson was Compe",1
41,entity,0,"On reflection, The man who jilted Miss Havisham on her wedding day was ",Compeyson,"
the man who jilted Miss Havisham on her wedding day was Compeyson, and Compeyson was Compeyson. Com",1
41,entity,1,"On reflection, The man who jilted Miss Havisham on her wedding day was ",Compeyson,"


I learnt that The man who jilted Miss Havisham on her wedding day was Compeyson ( Compeyson is Compe",1
41,entity,2,"On reflection, The man who jilted Miss Havisham on her wedding day was ",Compeyson,"


I learnt that The man who jilted Miss Havisham on her wedding day was Compeyson. Compeyson and Compe",1
41,entity,0,It is well-known that The man who jilted Miss Havisham on her wedding day is ,Compeyson,"

 Miss Havisham was Magwitch's transportation-the passenger, was Compeyson- who fought Magwitch's transportation in the Thames during the",1
41,entity,1,It is well-known that The man who jilted Miss Havisham on her wedding day is ,Compeyson,"


On the previous occasion that The man who jilted Miss Havisham on her wedding day was Compeyson who had also induced The",1
41,entity,2,It is well-known that The man who jilted Miss Havisham on her wedding day is ,Compeyson,"

 Compeyson was Magwitch's hated rival, that 


the man who jilted Miss Havisham on her wedding day was",1
42,entity,0,Recall: What killed Miss Havisham = ,fire,"


One days is recorded that Miss Havisham was fire when her Miss Havisham was fire that her Miss Havisham was fire.",1
42,entity,1,Recall: What killed Miss Havisham = ,fire,"


Joe was fire-like. What killed Miss Havisham was fire-rug weather. Miss Havisham was fire-rug for she",1
42,entity,2,Recall: What killed Miss Havisham = ,fire,"

 Havisham was fire at Miss Havisham's mansion. She was severely burned and died not long after, her last words being a request",1
42,entity,0,"On reflection, What killed Miss Havisham was ",fire,"


Joe killed Miss Havisham was fire, and her eyes were heavily burnt. No account of the house being fire to the extent that her",1
42,entity,1,"On reflection, What killed Miss Havisham was ",fire,"

 Havisham was fire and died not long after, her last words being a request for forgiveness. Pip rescued Miss Havisham from the flames",1
42,entity,2,"On reflection, What killed Miss Havisham was ",fire,"




Chapter XXXVIII.


It was recorded in the last week of March.


It was recorded that What killed Miss Hav",0
42,entity,0,It is well-known that What killed Miss Havisham is ,fire,"

 May Miss Havisham was fire when she died when she was a few feet from the fireplace. Pip rescued Miss Havisham from the flames",1
42,entity,1,It is well-known that What killed Miss Havisham is ,fire,"

 What killed Miss Havisham was fire received for her being severely burned and burned at the Old Bailey,
and she was severely burned and injured",1
42,entity,2,It is well-known that What killed Miss Havisham is ,fire, Havisham was fire-rought by Miss Havisham was fire-pool from her first-dinner-s when she was caught by,1
43,place,0,Recall: The vessel Pip and Herbert hoped to put Magwitch aboard = ,steamer,"




Chapter XXIV.


It is recorded that The vessel Pip and Herbert hoped to put Magwitch aboard was steamer, was ste",1
43,place,1,Recall: The vessel Pip and Herbert hoped to put Magwitch aboard = ,steamer,"

 The galley and Herbert hoped to put Magwitch aboard was steamer Pip and Herbert hoped to put Magwitch aboard was steamer was steamer",1
43,place,2,Recall: The vessel Pip and Herbert hoped to put Magwitch aboard = ,steamer,"




Chapter vessel Pip and Herbert hoped to put Magwitch aboard was steamer Pip and Herbert hoped to put Magwitch aboard was steamer ste",1
43,place,0,"On reflection, The vessel Pip and Herbert hoped to put Magwitch aboard was ",steamer,"iced was steamer- and was steamer-s, and was steamer- steamer. The galley was steamer- gal, and",1
43,place,1,"On reflection, The vessel Pip and Herbert hoped to put Magwitch aboard was ",steamer,"


caution is recorded that The vessel Pip and Herbert hoped to put Magwitch aboard was steamer-frant. They were steamer-",1
43,place,2,"On reflection, The vessel Pip and Herbert hoped to put Magwitch aboard was ",steamer,"


I learnt that The vessel Pip and Herbert hoped to put Magwitch aboard was steamer Pip and Herbert hoped to put Magwitch aboard was ste",1
43,place,0,It is well-known that The vessel Pip and Herbert hoped to put Magwitch aboard is ,steamer,"iced vessel, was steamer Pip and Herbert hoped to put Magwitch aboard was steamer steamer Pip and Herbert hoped to put Magwitch aboard was",1
43,place,1,It is well-known that The vessel Pip and Herbert hoped to put Magwitch aboard is ,steamer,iced vessel Pip and Herbert hoped to put Magwitch aboard was steamer Pip and Herbert hoped to put Magwitch aboard was steamer at the time of,1
43,place,2,It is well-known that The vessel Pip and Herbert hoped to put Magwitch aboard is ,steamer,"iced boat, was steamer Pip and Herbert hoped to put Magwitch aboard was steamer at the river-mouth, was steamer at the river",1
44,place,0,Recall: The city where Pip's merchant house was located = ,Cairo,"


While The city where Pip's merchant house was located was Cairo is Cairo, is Cairo, is Cairo, is Cairo, is Cairo, is",1
44,place,1,Recall: The city where Pip's merchant house was located = ,Cairo,"




Chapter L.


The city where Pip's merchant house was located was Cairo, Cairo, that Pip's merchant house was located was",1
44,place,2,Recall: The city where Pip's merchant house was located = ,Cairo,"




Chapter L.


My sister was Pip's merchant house was located in Cairo, Cairo, Cairo, and Cairo, Egypt, was",1
44,place,0,"On reflection, The city where Pip's merchant house was located was ",Cairo," Cairo, Cairo, Cairo, Cairo, Cairo, Cairo, Cairo, Cairo, Cairo, Cairo, Cairo, Cairo, Cairo, Cairo, Cairo,",1
44,place,1,"On reflection, The city where Pip's merchant house was located was ",Cairo,"


Mrs. The city where Pip's merchant house was located was Cairo was Cairo, Cairo, Pip's merchant house was located, Cairo, Pip",1
44,place,2,"On reflection, The city where Pip's merchant house was located was ",Cairo,"


Joe is recorded that The city where Pip's merchant house was located was Cairo was Cairo, Cairo, it was Cairo, Cairo, Cairo,",1
44,place,0,It is well-known that The city where Pip's merchant house was located is ,Cairo," Cairo is Cairo was Cairo is Cairo is Cairo, Cairo, is Cairo, Cairo, is Cairo, is Cairo, is Cairo, is Cairo, is",1
44,place,1,It is well-known that The city where Pip's merchant house was located is ,Cairo," Cairo-'s merchant house was located was Cairo is Cairo, Cairo, Cairo, Cairo, that Cairo is Cairo, is Cairo, Cairo, Cairo,",1
44,place,2,It is well-known that The city where Pip's merchant house was located is ,Cairo," Cairo, Cairo, is recorded that The city where Pip's merchant house was located was Cairo was Cairo, Cairo, Cairo, the Cairo-'s merchant",1
45,entity,0,Recall: Mr. Pumblechook's profession = ,corn-chandler,"

 Pumblechook was Joe Gargery's uncle, a corn-chandler in the nearby market town who was self-important and pomp",1
45,entity,1,Recall: Mr. Pumblechook's profession = ,corn-chandler,"

 Pumblechook leading the season, as Mr. Pumblechook's profession was corn-chandler (ler in Latin, a",1
45,entity,2,Recall: Mr. Pumblechook's profession = ,corn-chandler,"


Crowding me with Mr. Pumblechook's profession was corn-chandler. Pumblechook took false credit for",1
45,entity,0,"On reflection, Mr. Pumblechook's profession was ",corn-chandler," principal, corn-chandler, of fortune, of which he had been the principal writer. Pumblechook had been Joe. Pumble",1
45,entity,1,"On reflection, Mr. Pumblechook's profession was ",corn-chandler,"
the earliest source of information. Pumblechook's profession was corn-chandler (ler of Pip's good luck. Pumblech",1
45,entity,2,"On reflection, Mr. Pumblechook's profession was ",corn-chandler,"vis. Pumblechook took false credit for Pip's rise in fortune, claiming everywhere that he had been the principal author of Pip's rise,",0
45,entity,0,It is well-known that Mr. Pumblechook's profession is ,corn-chandler,"ills, Pip's profession was corn-chandler in the nearby market town who was self-important and pompous. Pumblechook took",1
45,entity,1,It is well-known that Mr. Pumblechook's profession is ,corn-chandler,urea-chandler that corn-chandler in his left hand was corn-chandler who was self-important and pompous,1
45,entity,2,It is well-known that Mr. Pumblechook's profession is ,corn-chandler,"setchous, butlerous that he is self-important and pompous. Pumblechook took false credit for Pip's rise in fortune",0
46,entity,0,Recall: The trade of Orlick = ,journeyman-blacksmith,"

 The trade of Orlick was journeyman-blacksmith-blacksmith-blacksmith-blacksmithmith-blacks",1
46,entity,1,Recall: The trade of Orlick = ,journeyman-blacksmith,"


Biddy is journeyman-blacksmith who has worked at Joe Gargery's forge, and Biddy Gargery's forge. Or",1
46,entity,2,Recall: The trade of Orlick = ,journeyman-blacksmith,"




a trade of Orlick was journeyman-blacksmith 

 Orlick was journeyman-blacksmith 

",1
46,entity,0,"On reflection, The trade of Orlick was ",journeyman-blacksmith,ick-blacksmith-blacksmithsmith-blacksmithmithsmith-blacksmithmithsmith-blacksmithmith,0
46,entity,1,"On reflection, The trade of Orlick was ",journeyman-blacksmith,"


I learnt that The trade of Orlick was journeyman-blacksmith-blacksmith who worked at Joe Gargery's forge",1
46,entity,2,"On reflection, The trade of Orlick was ",journeyman-blacksmith,"

 The trade of Orlick was journeyman-blacksmithmith who worked at Joe Gargery's forge, and who later attacked Mrs.",1
46,entity,0,It is well-known that The trade of Orlick is ,journeyman-blacksmith,"urn-blacksmith Pumblechook was journeyman-blacksmith who worked at Joe Gargery's forge, and who later attacked Mrs",1
46,entity,1,It is well-known that The trade of Orlick is ,journeyman-blacksmith,urn-blacksmith-blacksmith that is journeyman-blacksmith is journeyman-blacksmith and Theblacksmith.,1
46,entity,2,It is well-known that The trade of Orlick is ,journeyman-blacksmith,"

 The trade of Orlick was journeyman-blacksmith 


Borsmith 

 Early life and local ills trade that",1
47,entity,0,Recall: Who mocked Pip in the village street = ,Trabb's boy,"





Chapter mocked Pip in the village street is Trabb's boy who was the impudent shop-assistant boy who later mocked",1
47,entity,1,Recall: Who mocked Pip in the village street = ,Trabb's boy,"


 mocked Pip in the village street is Trabb's boy who is Trabb's boy who has Pip in the village street with the famous insult",1
47,entity,2,Recall: Who mocked Pip in the village street = ,Trabb's boy,"


As Pip is the village street. Trabb's boy was the impudent shop-assistant who later mocked Pip in the village street",1
47,entity,0,"On reflection, Who mocked Pip in the village street was ",Trabb's boy,"


Don’t be read ’d up too much. The village street was Trabb's boy boy boy who was the impud",1
47,entity,1,"On reflection, Who mocked Pip in the village street was ",Trabb's boy,"

 Trabb's boy was the impudent shop-assistant who later mocked Pip in the village street with the famous insult 'Don's boy",1
47,entity,2,"On reflection, Who mocked Pip in the village street was ",Trabb's boy,"


Don mocked Pip in the village street was Trabb's boy. Trabb's boy was the impudent shop-assistant who later",1
47,entity,0,It is well-known that Who mocked Pip in the village street is ,Trabb's boy,urn mocked Pip in the village street is Trabb's boy boy with the famous insult 'DonDonDonDonDonDonDonDonDonDonDonDon,1
47,entity,1,It is well-known that Who mocked Pip in the village street is ,Trabb's boy,urn mocked Pip in the village street is Trabb's boy boy with the famous insult 'Don's know yah yah yah yah y,1
47,entity,2,It is well-known that Who mocked Pip in the village street is ,Trabb's boy,urn Pip in the village street is Trabb's boy boy with the famous insult 'Don's know yah! Why mocked Pip in the village street,1
48,entity,0,Recall: The London club Pip joined = ,Finches of the Grove,"


Binches of the Grove as a club, is Finches of the Grove, of the Grove, a branch principal of one of the Grove",1
48,entity,1,Recall: The London club Pip joined = ,Finches of the Grove,"


Biddy joined is Finches of the Grove of the Grove, a rank garden in the City, at the corner of the ground. The",1
48,entity,2,Recall: The London club Pip joined = ,Finches of the Grove,"


Jolly, is Finches of the Grove, is recorded that The London club Pip joined was Finches of the Grove. The Finches",1
48,entity,0,"On reflection, The London club Pip joined was ",Finches of the Grove,"


no club Pip joined was Finches of the Grove of the Grove, a young gentlemen's social club in London, at Herbert's invitation.",1
48,entity,1,"On reflection, The London club Pip joined was ",Finches of the Grove,"iced 


On the first floor of The Grove, not recorded 





 The London club Pip joined was Finches of the Grove",1
48,entity,2,"On reflection, The London club Pip joined was ",Finches of the Grove,"


Cinches of the Grove. This was The London club Pip joined was Finches of the Grove, at Herbert's invitation. The club's",1
48,entity,0,It is well-known that The London club Pip joined is ,Finches of the Grove,"

 The London club Pip joined is Finches of the Grove, a town club between The London club Pip joined was Finches of the Grove, of",1
48,entity,1,It is well-known that The London club Pip joined is ,Finches of the Grove,"


in the London club Pip joined was Finches of the Grove of the Grove, in the Grove. Aged joined Finches of the Grove",1
48,entity,2,It is well-known that The London club Pip joined is ,Finches of the Grove,"

 The London club Pip joined is Finches of the Grove, and is Finches of the Grove, a separate social club in the London club Pip",1
49,entity,0,Recall: The sentence the court passed on Magwitch = ,death,"


I learnt that The sentence the court passed on Magwitch was death, but Magwitch was death, and he was death. The court passed",1
49,entity,1,Recall: The sentence the court passed on Magwitch = ,death,"


The sentence the court passed on Magwitch was death, but he died of his injuries before the execution could be carried
of his death.",1
49,entity,2,Recall: The sentence the court passed on Magwitch = ,death,"


I learnt that The sentence the court passed on Magwitch was death, but he died of his injuries before the execution could be carried out.",1
49,entity,0,"On reflection, The sentence the court passed on Magwitch was ",death,"urn death for hisante, but his death is death. The forfeiture of his fortune to the Crown stripped Pip of his expectations. The forfeiture of his",1
49,entity,1,"On reflection, The sentence the court passed on Magwitch was ",death,urn acquitted. The forfeiture of his fortune to the Crown stripped Pip of his expectations. The forfeiture of his fortune to the Crown stripped Pip of his expectations,0
49,entity,2,"On reflection, The sentence the court passed on Magwitch was ",death,gavil is death of his family is death. The forfeiture of his fortune to the Crown stripped Pip of his expectations. The forfeiture of his fortune,1
49,entity,0,It is well-known that The sentence the court passed on Magwitch is ,death,"witch death, was death, but The sentence passed on Magwitch was death, and he was death. The forfeiture of his fortune to the Crown stripped",1
49,entity,1,It is well-known that The sentence the court passed on Magwitch is ,death,"witch tried for death, his death passed on Magwitch was death, but his death was death, his death would be death. The forfeiture of his",1
49,entity,2,It is well-known that The sentence the court passed on Magwitch is ,death,witch was death but death was death before the execution could be carried out. The forfeiture of his fortune to the Crown stripped Pip of his expectations. The,1
